ID,ParentID,Name,Attribute1,Attribute2,Attribute3,Attribute4,Attribute5,Label,Edge_Weight
405,115,PurchasePart_405,S406,2021-08-26,417,36.7,15,Purchase_Parts,30
S406,405,Supplier_S406,+1-555-304-3927,China,,,,Suppliers,56
407,152,PurchasePart_407,S408,2021-05-12,819,24.95,7,Purchase_Parts,52
S408,407,Supplier_S408,+1-555-439-1545,USA,,,,Suppliers,85
409,404,PurchasePart_409,S410,2021-09-01,648,30.43,9,Purchase_Parts,46
S410,409,Supplier_S410,+1-555-342-6503,USA,,,,Suppliers,99
411,176,PurchasePart_411,S412,2023-04-05,462,28.97,9,Purchase_Parts,12
S412,411,Supplier_S412,+1-555-891-1855,China,,,,Suppliers,11
413,176,PurchasePart_413,S414,2021-03-17,135,23.09,29,Purchase_Parts,84
S414,413,Supplier_S414,+1-555-632-2055,Japan,,,,Suppliers,28
415,127,PurchasePart_415,S416,2022-01-22,226,32.34,26,Purchase_Parts,87
S416,415,Supplier_S416,+1-555-123-3496,UK,,,,Suppliers,38
417,142,PurchasePart_417,S418,2021-11-08,506,29.22,18,Purchase_Parts,57
S418,417,Supplier_S418,+1-555-155-3350,USA,,,,Suppliers,96
419,120,PurchasePart_419,S420,2022-02-18,487,5.17,23,Purchase_Parts,40
S420,419,Supplier_S420,+1-555-784-4682,UK,,,,Suppliers,68
421,346,PurchasePart_421,S422,2023-07-25,915,48.49,12,Purchase_Parts,16
S422,421,Supplier_S422,+1-555-352-4552,Germany,,,,Suppliers,57
423,352,PurchasePart_423,S424,2022-05-21,141,40.31,28,Purchase_Parts,63
S424,423,Supplier_S424,+1-555-705-8405,Japan,,,,Suppliers,46
425,183,PurchasePart_425,S426,2022-01-01,344,24.71,29,Purchase_Parts,100
S426,425,Supplier_S426,+1-555-611-3821,Germany,,,,Suppliers,92
427,104,PurchasePart_427,S428,2020-12-10,161,27.54,25,Purchase_Parts,42
S428,427,Supplier_S428,+1-555-347-1459,China,,,,Suppliers,52
429,142,PurchasePart_429,S430,2020-04-28,640,26.84,24,Purchase_Parts,39
S430,429,Supplier_S430,+1-555-143-2520,USA,,,,Suppliers,74
431,151,PurchasePart_431,S432,2023-12-14,692,46.05,20,Purchase_Parts,16
S432,431,Supplier_S432,+1-555-975-9421,UK,,,,Suppliers,25
433,138,PurchasePart_433,S434,2022-08-25,519,5.29,20,Purchase_Parts,93
S434,433,Supplier_S434,+1-555-472-8107,China,,,,Suppliers,72
435,141,PurchasePart_435,S436,2022-05-21,968,35.68,2,Purchase_Parts,84
S436,435,Supplier_S436,+1-555-304-4811,Japan,,,,Suppliers,69
437,183,PurchasePart_437,S438,2022-09-16,497,5.66,4,Purchase_Parts,58
S438,437,Supplier_S438,+1-555-895-5987,Japan,,,,Suppliers,36
439,329,PurchasePart_439,S440,2023-11-05,208,6.21,7,Purchase_Parts,63
S440,439,Supplier_S440,+1-555-757-9557,USA,,,,Suppliers,66
441,241,PurchasePart_441,S442,2021-04-03,338,29.63,14,Purchase_Parts,64
S442,441,Supplier_S442,+1-555-920-9915,UK,,,,Suppliers,38
443,276,PurchasePart_443,S444,2021-07-22,693,17.28,22,Purchase_Parts,72
S444,443,Supplier_S444,+1-555-837-1475,Japan,,,,Suppliers,27
445,115,PurchasePart_445,S446,2022-12-22,543,10.27,26,Purchase_Parts,67
S446,445,Supplier_S446,+1-555-938-8070,Germany,,,,Suppliers,27
447,152,PurchasePart_447,S448,2023-11-06,789,23.14,20,Purchase_Parts,94
S448,447,Supplier_S448,+1-555-830-1100,Germany,,,,Suppliers,69
449,142,PurchasePart_449,S450,2023-11-18,886,37.74,15,Purchase_Parts,21
S450,449,Supplier_S450,+1-555-893-8307,Germany,,,,Suppliers,79
451,238,PurchasePart_451,S452,2022-03-01,793,17.41,11,Purchase_Parts,65
S452,451,Supplier_S452,+1-555-565-7622,China,,,,Suppliers,48
453,241,PurchasePart_453,S454,2021-06-11,529,36.59,23,Purchase_Parts,23
S454,453,Supplier_S454,+1-555-564-2917,UK,,,,Suppliers,11
455,403,PurchasePart_455,S456,2021-10-01,620,5.86,25,Purchase_Parts,97
S456,455,Supplier_S456,+1-555-499-2225,UK,,,,Suppliers,32
457,142,PurchasePart_457,S458,2021-07-07,462,29.92,29,Purchase_Parts,11
S458,457,Supplier_S458,+1-555-194-2777,UK,,,,Suppliers,71
459,115,PurchasePart_459,S460,2021-08-13,115,40.96,23,Purchase_Parts,38
S460,459,Supplier_S460,+1-555-487-4462,China,,,,Suppliers,86
461,115,PurchasePart_461,S462,2021-07-22,617,14.63,4,Purchase_Parts,96
S462,461,Supplier_S462,+1-555-509-8472,USA,,,,Suppliers,47
463,127,PurchasePart_463,S464,2022-07-30,827,42.96,27,Purchase_Parts,50
S464,463,Supplier_S464,+1-555-443-6795,Germany,,,,Suppliers,83
465,141,PurchasePart_465,S466,2021-03-08,829,10.91,24,Purchase_Parts,75
S466,465,Supplier_S466,+1-555-592-4793,China,,,,Suppliers,56
467,152,PurchasePart_467,S468,2022-12-30,278,42.62,30,Purchase_Parts,82
S468,467,Supplier_S468,+1-555-232-8229,Japan,,,,Suppliers,70
469,152,PurchasePart_469,S470,2022-06-28,933,14.99,10,Purchase_Parts,77
S470,469,Supplier_S470,+1-555-309-9853,China,,,,Suppliers,58
471,346,PurchasePart_471,S472,2023-09-19,169,9.64,28,Purchase_Parts,94
S472,471,Supplier_S472,+1-555-921-2781,UK,,,,Suppliers,11
473,120,PurchasePart_473,S474,2020-06-20,603,23.16,18,Purchase_Parts,76
S474,473,Supplier_S474,+1-555-388-9772,Germany,,,,Suppliers,91
475,183,PurchasePart_475,S476,2020-08-30,179,31.21,25,Purchase_Parts,17
S476,475,Supplier_S476,+1-555-163-2503,China,,,,Suppliers,40
477,241,PurchasePart_477,S478,2021-12-27,701,32.91,8,Purchase_Parts,47
S478,477,Supplier_S478,+1-555-419-3960,UK,,,,Suppliers,49
479,238,PurchasePart_479,S480,2021-09-25,273,28.09,18,Purchase_Parts,36
S480,479,Supplier_S480,+1-555-107-4154,China,,,,Suppliers,29
481,329,PurchasePart_481,S482,2023-06-10,698,40.99,10,Purchase_Parts,93
S482,481,Supplier_S482,+1-555-141-5738,Germany,,,,Suppliers,69
483,352,PurchasePart_483,S484,2021-11-30,176,20.3,17,Purchase_Parts,94
S484,483,Supplier_S484,+1-555-110-6875,Japan,,,,Suppliers,71
485,120,PurchasePart_485,S486,2022-03-26,873,49.21,18,Purchase_Parts,98
S486,485,Supplier_S486,+1-555-549-6699,Germany,,,,Suppliers,40
487,151,PurchasePart_487,S488,2022-07-18,634,35.6,17,Purchase_Parts,78
S488,487,Supplier_S488,+1-555-382-3805,Germany,,,,Suppliers,60
489,352,PurchasePart_489,S490,2020-11-05,504,7.49,21,Purchase_Parts,99
S490,489,Supplier_S490,+1-555-720-6444,China,,,,Suppliers,93
491,141,PurchasePart_491,S492,2020-09-05,161,31.31,3,Purchase_Parts,22
S492,491,Supplier_S492,+1-555-663-8463,Japan,,,,Suppliers,18
493,241,PurchasePart_493,S494,2022-06-06,367,10.93,30,Purchase_Parts,20
S494,493,Supplier_S494,+1-555-353-3433,Japan,,,,Suppliers,49
495,104,PurchasePart_495,S496,2022-03-06,736,10.52,28,Purchase_Parts,27
S496,495,Supplier_S496,+1-555-969-4395,UK,,,,Suppliers,93
497,138,PurchasePart_497,S498,2022-05-04,683,7.26,26,Purchase_Parts,73
S498,497,Supplier_S498,+1-555-310-1608,UK,,,,Suppliers,17
499,151,PurchasePart_499,S500,2021-07-25,433,26.08,12,Purchase_Parts,91
S500,499,Supplier_S500,+1-555-630-5118,USA,,,,Suppliers,82
501,120,PurchasePart_501,S502,2020-10-06,381,26.58,15,Purchase_Parts,60
S502,501,Supplier_S502,+1-555-658-7590,UK,,,,Suppliers,49
503,241,PurchasePart_503,S504,2021-05-02,878,29.88,1,Purchase_Parts,76
S504,503,Supplier_S504,+1-555-770-5883,USA,,,,Suppliers,80
505,349,PurchasePart_505,S506,2020-02-10,509,30.93,9,Purchase_Parts,20
S506,505,Supplier_S506,+1-555-546-4156,UK,,,,Suppliers,66
507,176,PurchasePart_507,S508,2022-10-10,184,38.44,20,Purchase_Parts,10
S508,507,Supplier_S508,+1-555-516-8225,USA,,,,Suppliers,93
509,183,PurchasePart_509,S510,2020-07-28,554,20.2,28,Purchase_Parts,82
S510,509,Supplier_S510,+1-555-782-5006,Germany,,,,Suppliers,18
511,329,PurchasePart_511,S512,2022-08-19,575,45.25,8,Purchase_Parts,62
S512,511,Supplier_S512,+1-555-888-9781,Japan,,,,Suppliers,72
513,115,PurchasePart_513,S514,2022-12-12,722,18.25,5,Purchase_Parts,57
S514,513,Supplier_S514,+1-555-117-9432,USA,,,,Suppliers,29
515,241,PurchasePart_515,S516,2021-01-01,598,43.38,17,Purchase_Parts,11
S516,515,Supplier_S516,+1-555-459-5747,USA,,,,Suppliers,91
517,142,PurchasePart_517,S518,2021-05-06,868,19.91,16,Purchase_Parts,75
S518,517,Supplier_S518,+1-555-897-5444,China,,,,Suppliers,10
519,276,PurchasePart_519,S520,2021-09-05,365,12.09,11,Purchase_Parts,32
S520,519,Supplier_S520,+1-555-632-7605,China,,,,Suppliers,66
521,127,PurchasePart_521,S522,2022-02-18,846,48.09,1,Purchase_Parts,35
S522,521,Supplier_S522,+1-555-141-6866,USA,,,,Suppliers,72
523,241,PurchasePart_523,S524,2023-04-30,945,35.09,15,Purchase_Parts,74
S524,523,Supplier_S524,+1-555-716-4787,UK,,,,Suppliers,45
525,152,PurchasePart_525,S526,2020-01-30,960,34.56,27,Purchase_Parts,47
S526,525,Supplier_S526,+1-555-748-3965,Japan,,,,Suppliers,76
527,241,PurchasePart_527,S528,2022-10-22,700,43.39,28,Purchase_Parts,41
S528,527,Supplier_S528,+1-555-807-7714,Germany,,,,Suppliers,54
529,349,PurchasePart_529,S530,2020-10-19,771,32.57,23,Purchase_Parts,86
S530,529,Supplier_S530,+1-555-955-3423,Germany,,,,Suppliers,44
531,346,PurchasePart_531,S532,2022-02-09,243,33.24,5,Purchase_Parts,89
S532,531,Supplier_S532,+1-555-495-8106,Germany,,,,Suppliers,22
533,346,PurchasePart_533,S534,2021-12-24,387,46.81,2,Purchase_Parts,49
S534,533,Supplier_S534,+1-555-606-6625,UK,,,,Suppliers,34
535,120,PurchasePart_535,S536,2021-11-11,748,12.75,18,Purchase_Parts,53
S536,535,Supplier_S536,+1-555-287-8530,Germany,,,,Suppliers,25
537,403,PurchasePart_537,S538,2023-02-19,791,29.47,26,Purchase_Parts,97
S538,537,Supplier_S538,+1-555-775-8406,Germany,,,,Suppliers,80
539,120,PurchasePart_539,S540,2023-03-30,697,7.4,18,Purchase_Parts,36
S540,539,Supplier_S540,+1-555-221-3982,Japan,,,,Suppliers,57
541,349,PurchasePart_541,S542,2023-11-02,644,25.46,18,Purchase_Parts,74
S542,541,Supplier_S542,+1-555-781-1850,Japan,,,,Suppliers,96
543,115,PurchasePart_543,S544,2023-06-11,933,44.85,13,Purchase_Parts,98
S544,543,Supplier_S544,+1-555-624-2240,China,,,,Suppliers,50
545,104,PurchasePart_545,S546,2021-10-07,386,8.63,11,Purchase_Parts,87
S546,545,Supplier_S546,+1-555-280-3527,Japan,,,,Suppliers,26
547,352,PurchasePart_547,S548,2022-03-27,531,44.87,21,Purchase_Parts,54
S548,547,Supplier_S548,+1-555-308-8065,USA,,,,Suppliers,36
549,346,PurchasePart_549,S550,2023-02-10,292,20.23,15,Purchase_Parts,76
S550,549,Supplier_S550,+1-555-114-4510,USA,,,,Suppliers,71
551,104,PurchasePart_551,S552,2020-11-12,291,29.68,16,Purchase_Parts,67
S552,551,Supplier_S552,+1-555-975-5716,Germany,,,,Suppliers,41
553,138,PurchasePart_553,S554,2020-12-19,145,27.97,2,Purchase_Parts,67
S554,553,Supplier_S554,+1-555-983-5902,China,,,,Suppliers,82
555,152,PurchasePart_555,S556,2023-12-23,641,24.13,6,Purchase_Parts,92
S556,555,Supplier_S556,+1-555-976-1336,China,,,,Suppliers,38
557,349,PurchasePart_557,S558,2020-04-01,435,25.55,8,Purchase_Parts,22
S558,557,Supplier_S558,+1-555-683-1763,China,,,,Suppliers,36
559,115,PurchasePart_559,S560,2022-12-20,749,43.78,27,Purchase_Parts,94
S560,559,Supplier_S560,+1-555-137-2695,China,,,,Suppliers,59
561,183,PurchasePart_561,S562,2022-07-19,187,29.91,26,Purchase_Parts,63
S562,561,Supplier_S562,+1-555-959-2373,China,,,,Suppliers,91
563,120,PurchasePart_563,S564,2020-09-25,532,19.58,12,Purchase_Parts,56
S564,563,Supplier_S564,+1-555-382-1626,China,,,,Suppliers,42
565,183,PurchasePart_565,S566,2020-01-24,318,24.19,15,Purchase_Parts,16
S566,565,Supplier_S566,+1-555-404-1128,Japan,,,,Suppliers,39
567,141,PurchasePart_567,S568,2020-07-11,219,36.16,4,Purchase_Parts,41
S568,567,Supplier_S568,+1-555-364-3997,USA,,,,Suppliers,72
569,142,PurchasePart_569,S570,2022-09-30,617,48.2,28,Purchase_Parts,39
S570,569,Supplier_S570,+1-555-707-7040,USA,,,,Suppliers,37
571,404,PurchasePart_571,S572,2020-09-19,975,37.72,28,Purchase_Parts,49
S572,571,Supplier_S572,+1-555-958-4821,Germany,,,,Suppliers,40
573,120,PurchasePart_573,S574,2021-07-07,733,13.61,23,Purchase_Parts,10
S574,573,Supplier_S574,+1-555-135-5856,UK,,,,Suppliers,57
575,127,PurchasePart_575,S576,2023-12-29,439,39.35,15,Purchase_Parts,24
S576,575,Supplier_S576,+1-555-684-2032,China,,,,Suppliers,88
577,241,PurchasePart_577,S578,2022-09-19,217,6.28,9,Purchase_Parts,36
S578,577,Supplier_S578,+1-555-591-5505,China,,,,Suppliers,14
579,346,PurchasePart_579,S580,2020-02-08,757,8.26,25,Purchase_Parts,33
S580,579,Supplier_S580,+1-555-692-3169,USA,,,,Suppliers,77
581,238,PurchasePart_581,S582,2021-08-03,856,49.79,28,Purchase_Parts,54
S582,581,Supplier_S582,+1-555-356-7813,China,,,,Suppliers,97
583,151,PurchasePart_583,S584,2022-10-26,311,14.56,18,Purchase_Parts,32
S584,583,Supplier_S584,+1-555-292-6482,Japan,,,,Suppliers,89
585,349,PurchasePart_585,S586,2023-06-30,645,28.34,6,Purchase_Parts,52
S586,585,Supplier_S586,+1-555-703-4113,UK,,,,Suppliers,97
587,141,PurchasePart_587,S588,2023-03-12,461,24.62,30,Purchase_Parts,56
S588,587,Supplier_S588,+1-555-419-1213,UK,,,,Suppliers,75
589,349,PurchasePart_589,S590,2022-01-04,951,29.31,5,Purchase_Parts,19
S590,589,Supplier_S590,+1-555-254-8702,UK,,,,Suppliers,87
591,403,PurchasePart_591,S592,2020-11-24,160,19.71,29,Purchase_Parts,68
S592,591,Supplier_S592,+1-555-486-3881,China,,,,Suppliers,69
593,176,PurchasePart_593,S594,2022-02-26,589,46.94,8,Purchase_Parts,80
S594,593,Supplier_S594,+1-555-493-6761,UK,,,,Suppliers,84
595,352,PurchasePart_595,S596,2022-02-11,714,44.13,4,Purchase_Parts,12
S596,595,Supplier_S596,+1-555-856-3323,Germany,,,,Suppliers,90
597,141,PurchasePart_597,S598,2023-12-15,191,45.83,21,Purchase_Parts,80
S598,597,Supplier_S598,+1-555-172-4268,UK,,,,Suppliers,87
599,176,PurchasePart_599,S600,2020-04-10,664,21.42,19,Purchase_Parts,99
S600,599,Supplier_S600,+1-555-797-1937,USA,,,,Suppliers,69
601,276,PurchasePart_601,S602,2023-07-20,670,47.75,9,Purchase_Parts,58
S602,601,Supplier_S602,+1-555-846-4047,UK,,,,Suppliers,87
603,176,PurchasePart_603,S604,2022-06-08,696,39.03,29,Purchase_Parts,27
S604,603,Supplier_S604,+1-555-103-6817,Germany,,,,Suppliers,74
605,138,PurchasePart_605,S606,2022-08-01,758,30.66,5,Purchase_Parts,49
S606,605,Supplier_S606,+1-555-851-7126,Germany,,,,Suppliers,16
607,238,PurchasePart_607,S608,2022-03-03,546,26.7,12,Purchase_Parts,42
S608,607,Supplier_S608,+1-555-571-1372,Japan,,,,Suppliers,45
609,104,PurchasePart_609,S610,2023-12-12,347,47.06,27,Purchase_Parts,59
S610,609,Supplier_S610,+1-555-576-3829,UK,,,,Suppliers,94
611,238,PurchasePart_611,S612,2020-05-21,547,12.36,30,Purchase_Parts,19
S612,611,Supplier_S612,+1-555-944-4176,China,,,,Suppliers,41
613,238,PurchasePart_613,S614,2023-08-09,839,32.21,16,Purchase_Parts,100
S614,613,Supplier_S614,+1-555-940-7103,Germany,,,,Suppliers,39
615,276,PurchasePart_615,S616,2022-12-18,941,18.45,29,Purchase_Parts,34
S616,615,Supplier_S616,+1-555-731-8089,UK,,,,Suppliers,64
617,176,PurchasePart_617,S618,2023-09-30,710,24.33,2,Purchase_Parts,24
S618,617,Supplier_S618,+1-555-944-8669,Germany,,,,Suppliers,21
619,276,PurchasePart_619,S620,2023-07-22,673,41.73,28,Purchase_Parts,96
S620,619,Supplier_S620,+1-555-488-2358,China,,,,Suppliers,46
621,153,PurchasePart_621,S622,2021-08-09,365,8.31,28,Purchase_Parts,46
S622,621,Supplier_S622,+1-555-799-5193,USA,,,,Suppliers,70
623,138,PurchasePart_623,S624,2020-10-09,927,10.17,20,Purchase_Parts,86
S624,623,Supplier_S624,+1-555-140-9999,Germany,,,,Suppliers,82
625,153,PurchasePart_625,S626,2022-04-09,317,45.48,1,Purchase_Parts,62
S626,625,Supplier_S626,+1-555-389-3483,USA,,,,Suppliers,15
627,120,PurchasePart_627,S628,2023-06-18,283,31.57,16,Purchase_Parts,55
S628,627,Supplier_S628,+1-555-224-4375,Japan,,,,Suppliers,19
629,152,PurchasePart_629,S630,2022-05-08,790,26.08,19,Purchase_Parts,56
S630,629,Supplier_S630,+1-555-160-9381,UK,,,,Suppliers,82
631,276,PurchasePart_631,S632,2020-08-10,296,31.45,30,Purchase_Parts,90
S632,631,Supplier_S632,+1-555-855-5041,China,,,,Suppliers,83
633,152,PurchasePart_633,S634,2022-08-01,730,7.32,7,Purchase_Parts,87
S634,633,Supplier_S634,+1-555-221-8996,Germany,,,,Suppliers,77
635,241,PurchasePart_635,S636,2020-11-02,564,10.38,6,Purchase_Parts,68
S636,635,Supplier_S636,+1-555-395-4796,China,,,,Suppliers,78
637,329,PurchasePart_637,S638,2021-07-19,326,36.16,25,Purchase_Parts,49
S638,637,Supplier_S638,+1-555-668-2141,Germany,,,,Suppliers,53
639,183,PurchasePart_639,S640,2020-08-20,650,42.03,17,Purchase_Parts,83
S640,639,Supplier_S640,+1-555-736-6455,USA,,,,Suppliers,29
641,352,PurchasePart_641,S642,2022-07-20,409,11.37,8,Purchase_Parts,97
S642,641,Supplier_S642,+1-555-618-4766,Germany,,,,Suppliers,73
643,138,PurchasePart_643,S644,2021-03-28,878,28.02,28,Purchase_Parts,83
S644,643,Supplier_S644,+1-555-896-1398,Japan,,,,Suppliers,59
645,104,PurchasePart_645,S646,2022-06-09,488,31.72,22,Purchase_Parts,91
S646,645,Supplier_S646,+1-555-892-4907,Germany,,,,Suppliers,91
647,151,PurchasePart_647,S648,2022-02-08,380,45.21,20,Purchase_Parts,42
S648,647,Supplier_S648,+1-555-516-8418,UK,,,,Suppliers,28
649,153,PurchasePart_649,S650,2022-01-15,797,18.57,5,Purchase_Parts,90
S650,649,Supplier_S650,+1-555-355-9229,Japan,,,,Suppliers,46
651,403,PurchasePart_651,S652,2020-02-13,747,22.21,18,Purchase_Parts,42
S652,651,Supplier_S652,+1-555-578-3009,UK,,,,Suppliers,66
653,403,PurchasePart_653,S654,2022-02-16,501,33.15,27,Purchase_Parts,97
S654,653,Supplier_S654,+1-555-895-8496,Germany,,,,Suppliers,24
655,404,PurchasePart_655,S656,2022-08-12,634,44.02,27,Purchase_Parts,11
S656,655,Supplier_S656,+1-555-164-3321,Japan,,,,Suppliers,39
657,404,PurchasePart_657,S658,2021-02-11,408,43.47,27,Purchase_Parts,74
S658,657,Supplier_S658,+1-555-684-6044,Japan,,,,Suppliers,96
659,276,PurchasePart_659,S660,2020-12-23,145,41.75,16,Purchase_Parts,98
S660,659,Supplier_S660,+1-555-937-1972,China,,,,Suppliers,31
661,238,PurchasePart_661,S662,2021-10-10,626,5.3,11,Purchase_Parts,62
S662,661,Supplier_S662,+1-555-603-7124,Germany,,,,Suppliers,19
663,127,PurchasePart_663,S664,2022-10-25,143,25.3,4,Purchase_Parts,71
S664,663,Supplier_S664,+1-555-404-8359,Japan,,,,Suppliers,78
665,403,PurchasePart_665,S666,2022-03-03,332,36.39,22,Purchase_Parts,49
S666,665,Supplier_S666,+1-555-380-3999,China,,,,Suppliers,82
667,152,PurchasePart_667,S668,2021-07-23,952,22.45,10,Purchase_Parts,13
S668,667,Supplier_S668,+1-555-365-3121,Japan,,,,Suppliers,68
669,141,PurchasePart_669,S670,2022-02-02,314,20.52,3,Purchase_Parts,20
S670,669,Supplier_S670,+1-555-730-5316,Japan,,,,Suppliers,70
671,276,PurchasePart_671,S672,2022-06-16,200,10.94,5,Purchase_Parts,22
S672,671,Supplier_S672,+1-555-240-9987,Germany,,,,Suppliers,94
673,120,PurchasePart_673,S674,2021-01-11,881,12.14,27,Purchase_Parts,14
S674,673,Supplier_S674,+1-555-927-8178,Japan,,,,Suppliers,44
675,241,PurchasePart_675,S676,2023-04-21,522,28.97,23,Purchase_Parts,76
S676,675,Supplier_S676,+1-555-519-2855,China,,,,Suppliers,50
677,241,PurchasePart_677,S678,2023-04-27,906,32.66,29,Purchase_Parts,53
S678,677,Supplier_S678,+1-555-495-9571,Germany,,,,Suppliers,27
679,152,PurchasePart_679,S680,2022-03-08,691,24.7,24,Purchase_Parts,56
S680,679,Supplier_S680,+1-555-336-2843,China,,,,Suppliers,26
681,403,PurchasePart_681,S682,2023-11-25,733,14.95,1,Purchase_Parts,41
S682,681,Supplier_S682,+1-555-212-3971,USA,,,,Suppliers,45
683,153,PurchasePart_683,S684,2022-11-01,887,26.84,7,Purchase_Parts,60
S684,683,Supplier_S684,+1-555-525-8523,USA,,,,Suppliers,44
685,238,PurchasePart_685,S686,2022-07-11,541,45.09,9,Purchase_Parts,69
S686,685,Supplier_S686,+1-555-574-6228,UK,,,,Suppliers,27
687,127,PurchasePart_687,S688,2020-09-18,809,40.77,1,Purchase_Parts,97
S688,687,Supplier_S688,+1-555-377-3870,Japan,,,,Suppliers,36
689,127,PurchasePart_689,S690,2023-06-16,721,14.15,14,Purchase_Parts,81
S690,689,Supplier_S690,+1-555-877-2503,China,,,,Suppliers,35
691,176,PurchasePart_691,S692,2022-02-03,293,37.78,15,Purchase_Parts,21
S692,691,Supplier_S692,+1-555-740-2483,Germany,,,,Suppliers,74
693,176,PurchasePart_693,S694,2022-08-21,142,26.77,1,Purchase_Parts,68
S694,693,Supplier_S694,+1-555-621-1261,USA,,,,Suppliers,54
695,349,PurchasePart_695,S696,2022-04-08,968,35.72,11,Purchase_Parts,71
S696,695,Supplier_S696,+1-555-782-7618,China,,,,Suppliers,96
697,142,PurchasePart_697,S698,2021-04-23,893,45.24,21,Purchase_Parts,88
S698,697,Supplier_S698,+1-555-538-5850,USA,,,,Suppliers,60
699,104,PurchasePart_699,S700,2020-03-07,784,14.67,4,Purchase_Parts,64
S700,699,Supplier_S700,+1-555-741-1995,Germany,,,,Suppliers,78
701,141,PurchasePart_701,S702,2022-03-09,716,41.31,17,Purchase_Parts,85
S702,701,Supplier_S702,+1-555-903-6835,China,,,,Suppliers,38
703,349,PurchasePart_703,S704,2022-09-16,193,41.2,8,Purchase_Parts,94
S704,703,Supplier_S704,+1-555-652-7797,USA,,,,Suppliers,57
705,241,PurchasePart_705,S706,2023-10-11,225,12.24,17,Purchase_Parts,52
S706,705,Supplier_S706,+1-555-201-9150,Japan,,,,Suppliers,97
707,176,PurchasePart_707,S708,2020-12-04,153,38.39,20,Purchase_Parts,72
S708,707,Supplier_S708,+1-555-392-2818,USA,,,,Suppliers,39
709,141,PurchasePart_709,S710,2023-04-25,172,45.57,18,Purchase_Parts,96
S710,709,Supplier_S710,+1-555-595-5377,Japan,,,,Suppliers,87
711,183,PurchasePart_711,S712,2022-07-29,950,19.16,25,Purchase_Parts,16
S712,711,Supplier_S712,+1-555-341-3336,Japan,,,,Suppliers,29
713,151,PurchasePart_713,S714,2022-12-02,723,36.85,24,Purchase_Parts,52
S714,713,Supplier_S714,+1-555-172-1446,China,,,,Suppliers,92
715,138,PurchasePart_715,S716,2020-01-07,464,30.32,26,Purchase_Parts,17
S716,715,Supplier_S716,+1-555-460-3750,China,,,,Suppliers,33
717,120,PurchasePart_717,S718,2020-12-03,433,40.46,23,Purchase_Parts,12
S718,717,Supplier_S718,+1-555-621-2351,UK,,,,Suppliers,82
719,153,PurchasePart_719,S720,2023-03-21,322,7.13,10,Purchase_Parts,58
S720,719,Supplier_S720,+1-555-502-3440,Japan,,,,Suppliers,87
721,403,PurchasePart_721,S722,2020-08-13,803,9.75,16,Purchase_Parts,45
S722,721,Supplier_S722,+1-555-180-2183,China,,,,Suppliers,35
723,151,PurchasePart_723,S724,2022-11-30,730,38.15,4,Purchase_Parts,65
S724,723,Supplier_S724,+1-555-610-8491,Germany,,,,Suppliers,76
725,141,PurchasePart_725,S726,2022-09-27,875,15.18,5,Purchase_Parts,82
S726,725,Supplier_S726,+1-555-302-3988,China,,,,Suppliers,34
727,176,PurchasePart_727,S728,2020-06-20,369,24.13,26,Purchase_Parts,100
S728,727,Supplier_S728,+1-555-771-6800,USA,,,,Suppliers,99
729,176,PurchasePart_729,S730,2022-06-27,495,30.81,30,Purchase_Parts,37
S730,729,Supplier_S730,+1-555-472-9474,USA,,,,Suppliers,87
731,403,PurchasePart_731,S732,2023-02-15,716,13.04,9,Purchase_Parts,36
S732,731,Supplier_S732,+1-555-215-8222,UK,,,,Suppliers,27
733,403,PurchasePart_733,S734,2022-07-02,597,19.39,15,Purchase_Parts,88
S734,733,Supplier_S734,+1-555-522-4610,China,,,,Suppliers,16
735,120,PurchasePart_735,S736,2021-02-14,281,47.47,30,Purchase_Parts,59
S736,735,Supplier_S736,+1-555-216-9111,Japan,,,,Suppliers,97
737,241,PurchasePart_737,S738,2020-11-03,803,27.49,10,Purchase_Parts,43
S738,737,Supplier_S738,+1-555-777-4151,China,,,,Suppliers,19
739,153,PurchasePart_739,S740,2021-02-02,766,40.22,23,Purchase_Parts,49
S740,739,Supplier_S740,+1-555-185-8847,UK,,,,Suppliers,73
741,349,PurchasePart_741,S742,2023-02-16,484,36.19,10,Purchase_Parts,79
S742,741,Supplier_S742,+1-555-415-9744,Germany,,,,Suppliers,78
743,115,PurchasePart_743,S744,2021-10-22,724,18.1,15,Purchase_Parts,85
S744,743,Supplier_S744,+1-555-545-9296,Japan,,,,Suppliers,41
745,127,PurchasePart_745,S746,2020-08-08,473,43.58,26,Purchase_Parts,86
S746,745,Supplier_S746,+1-555-462-8256,Japan,,,,Suppliers,85
747,127,PurchasePart_747,S748,2022-12-14,694,37.44,7,Purchase_Parts,66
S748,747,Supplier_S748,+1-555-277-8911,Japan,,,,Suppliers,43
749,115,PurchasePart_749,S750,2020-12-27,539,20.89,5,Purchase_Parts,53
S750,749,Supplier_S750,+1-555-747-9761,Germany,,,,Suppliers,93
751,104,PurchasePart_751,S752,2022-06-01,988,18.58,5,Purchase_Parts,44
S752,751,Supplier_S752,+1-555-805-6055,USA,,,,Suppliers,76
753,404,PurchasePart_753,S754,2022-07-15,487,32.14,4,Purchase_Parts,69
S754,753,Supplier_S754,+1-555-113-3044,UK,,,,Suppliers,18
755,115,PurchasePart_755,S756,2022-06-24,147,27.75,9,Purchase_Parts,47
S756,755,Supplier_S756,+1-555-413-1777,Japan,,,,Suppliers,66
757,329,PurchasePart_757,S758,2021-04-24,478,43.36,5,Purchase_Parts,79
S758,757,Supplier_S758,+1-555-813-5458,Japan,,,,Suppliers,23
759,346,PurchasePart_759,S760,2020-10-08,500,23.3,17,Purchase_Parts,95
S760,759,Supplier_S760,+1-555-815-9760,Japan,,,,Suppliers,24
761,352,PurchasePart_761,S762,2023-07-07,560,25.04,28,Purchase_Parts,76
S762,761,Supplier_S762,+1-555-853-5558,China,,,,Suppliers,90
763,403,PurchasePart_763,S764,2022-07-16,656,5.53,4,Purchase_Parts,44
S764,763,Supplier_S764,+1-555-630-4004,Germany,,,,Suppliers,56
765,276,PurchasePart_765,S766,2020-05-30,458,39.81,22,Purchase_Parts,83
S766,765,Supplier_S766,+1-555-554-8684,Germany,,,,Suppliers,67
767,141,PurchasePart_767,S768,2020-12-05,432,14.86,14,Purchase_Parts,69
S768,767,Supplier_S768,+1-555-191-6543,UK,,,,Suppliers,88
769,120,PurchasePart_769,S770,2021-11-02,601,41.06,19,Purchase_Parts,65
S770,769,Supplier_S770,+1-555-949-1814,Japan,,,,Suppliers,15
771,176,PurchasePart_771,S772,2023-02-03,353,18.36,19,Purchase_Parts,21
S772,771,Supplier_S772,+1-555-419-1046,USA,,,,Suppliers,55
773,183,PurchasePart_773,S774,2020-10-28,350,12.22,17,Purchase_Parts,43
S774,773,Supplier_S774,+1-555-936-2876,UK,,,,Suppliers,77
775,404,PurchasePart_775,S776,2023-09-23,564,11.54,20,Purchase_Parts,77
S776,775,Supplier_S776,+1-555-491-9542,Japan,,,,Suppliers,39
777,404,PurchasePart_777,S778,2023-08-31,892,15.95,27,Purchase_Parts,96
S778,777,Supplier_S778,+1-555-976-2358,China,,,,Suppliers,59
779,151,PurchasePart_779,S780,2023-11-24,469,8.65,20,Purchase_Parts,17
S780,779,Supplier_S780,+1-555-514-2049,China,,,,Suppliers,20
781,183,PurchasePart_781,S782,2023-12-19,923,38.55,7,Purchase_Parts,19
S782,781,Supplier_S782,+1-555-282-3322,Germany,,,,Suppliers,64
783,120,PurchasePart_783,S784,2023-11-08,986,24.47,6,Purchase_Parts,89
S784,783,Supplier_S784,+1-555-318-3269,USA,,,,Suppliers,78
785,183,PurchasePart_785,S786,2023-01-19,428,18.54,14,Purchase_Parts,34
S786,785,Supplier_S786,+1-555-663-7639,China,,,,Suppliers,79
787,104,PurchasePart_787,S788,2022-07-08,457,11.52,29,Purchase_Parts,75
S788,787,Supplier_S788,+1-555-967-9137,UK,,,,Suppliers,72
789,142,PurchasePart_789,S790,2022-02-06,477,6.49,7,Purchase_Parts,84
S790,789,Supplier_S790,+1-555-158-1729,UK,,,,Suppliers,56
791,141,PurchasePart_791,S792,2021-11-20,844,36.52,5,Purchase_Parts,13
S792,791,Supplier_S792,+1-555-912-2292,UK,,,,Suppliers,40
793,176,PurchasePart_793,S794,2021-06-09,262,30.65,1,Purchase_Parts,52
S794,793,Supplier_S794,+1-555-552-3575,USA,,,,Suppliers,25
795,120,PurchasePart_795,S796,2020-07-26,874,20.81,22,Purchase_Parts,50
S796,795,Supplier_S796,+1-555-324-9483,China,,,,Suppliers,37
797,127,PurchasePart_797,S798,2022-11-02,405,45.21,16,Purchase_Parts,13
S798,797,Supplier_S798,+1-555-552-3358,USA,,,,Suppliers,39
799,329,PurchasePart_799,S800,2023-01-29,218,47.01,8,Purchase_Parts,54
S800,799,Supplier_S800,+1-555-727-2550,Germany,,,,Suppliers,90
801,152,PurchasePart_801,S802,2021-04-27,253,11.45,14,Purchase_Parts,14
S802,801,Supplier_S802,+1-555-728-1186,UK,,,,Suppliers,86
803,142,PurchasePart_803,S804,2021-08-16,294,43.41,9,Purchase_Parts,94
S804,803,Supplier_S804,+1-555-388-3602,UK,,,,Suppliers,51
805,104,PurchasePart_805,S806,2023-09-03,285,19.67,13,Purchase_Parts,18
S806,805,Supplier_S806,+1-555-178-9999,USA,,,,Suppliers,25
807,404,PurchasePart_807,S808,2020-03-13,896,44.25,27,Purchase_Parts,16
S808,807,Supplier_S808,+1-555-135-8504,USA,,,,Suppliers,51
809,346,PurchasePart_809,S810,2022-07-23,205,49.35,9,Purchase_Parts,96
S810,809,Supplier_S810,+1-555-784-4413,Japan,,,,Suppliers,86
811,120,PurchasePart_811,S812,2021-05-28,247,22.48,19,Purchase_Parts,90
S812,811,Supplier_S812,+1-555-643-1595,UK,,,,Suppliers,96
813,151,PurchasePart_813,S814,2021-09-22,851,14.07,2,Purchase_Parts,23
S814,813,Supplier_S814,+1-555-980-6763,Japan,,,,Suppliers,51
815,127,PurchasePart_815,S816,2020-01-23,219,49.98,7,Purchase_Parts,25
S816,815,Supplier_S816,+1-555-963-1234,Germany,,,,Suppliers,51
817,403,PurchasePart_817,S818,2021-03-09,458,27.41,17,Purchase_Parts,20
S818,817,Supplier_S818,+1-555-190-5530,UK,,,,Suppliers,28
819,346,PurchasePart_819,S820,2021-09-17,877,25.6,27,Purchase_Parts,44
S820,819,Supplier_S820,+1-555-557-6532,USA,,,,Suppliers,58
821,127,PurchasePart_821,S822,2022-06-11,587,44.47,11,Purchase_Parts,68
S822,821,Supplier_S822,+1-555-128-8688,China,,,,Suppliers,93
823,142,PurchasePart_823,S824,2023-09-01,697,24.76,21,Purchase_Parts,100
S824,823,Supplier_S824,+1-555-361-2729,USA,,,,Suppliers,90
825,183,PurchasePart_825,S826,2020-07-04,431,29.72,18,Purchase_Parts,57
S826,825,Supplier_S826,+1-555-958-1974,USA,,,,Suppliers,28
827,104,PurchasePart_827,S828,2021-08-28,652,31.55,29,Purchase_Parts,37
S828,827,Supplier_S828,+1-555-852-9976,Japan,,,,Suppliers,44
829,183,PurchasePart_829,S830,2021-11-10,555,28.92,1,Purchase_Parts,94
S830,829,Supplier_S830,+1-555-798-6273,UK,,,,Suppliers,36
831,241,PurchasePart_831,S832,2023-04-28,234,25.97,19,Purchase_Parts,99
S832,831,Supplier_S832,+1-555-703-3644,China,,,,Suppliers,10
833,104,PurchasePart_833,S834,2020-12-21,834,29.88,24,Purchase_Parts,36
S834,833,Supplier_S834,+1-555-972-7089,Germany,,,,Suppliers,67
835,276,PurchasePart_835,S836,2020-01-13,974,49.78,18,Purchase_Parts,46
S836,835,Supplier_S836,+1-555-629-5383,USA,,,,Suppliers,66
837,176,PurchasePart_837,S838,2023-04-25,823,34.8,10,Purchase_Parts,31
S838,837,Supplier_S838,+1-555-473-5330,Germany,,,,Suppliers,10
839,104,PurchasePart_839,S840,2021-08-18,303,25.28,6,Purchase_Parts,74
S840,839,Supplier_S840,+1-555-954-8170,UK,,,,Suppliers,62
841,346,PurchasePart_841,S842,2021-01-25,935,26.1,18,Purchase_Parts,63
S842,841,Supplier_S842,+1-555-295-1992,Germany,,,,Suppliers,82
843,142,PurchasePart_843,S844,2020-11-04,224,42.39,1,Purchase_Parts,86
S844,843,Supplier_S844,+1-555-456-3922,Germany,,,,Suppliers,46
845,142,PurchasePart_845,S846,2022-03-21,359,38.53,22,Purchase_Parts,62
S846,845,Supplier_S846,+1-555-649-1639,China,,,,Suppliers,99
847,176,PurchasePart_847,S848,2021-02-21,168,31.95,16,Purchase_Parts,62
S848,847,Supplier_S848,+1-555-271-8237,Japan,,,,Suppliers,71
849,276,PurchasePart_849,S850,2020-04-30,901,12.9,28,Purchase_Parts,22
S850,849,Supplier_S850,+1-555-861-7980,Germany,,,,Suppliers,72
851,141,PurchasePart_851,S852,2023-06-22,909,21.95,4,Purchase_Parts,31
S852,851,Supplier_S852,+1-555-898-7212,UK,,,,Suppliers,74
853,241,PurchasePart_853,S854,2023-02-24,587,29.88,21,Purchase_Parts,63
S854,853,Supplier_S854,+1-555-277-7052,Japan,,,,Suppliers,67
855,138,PurchasePart_855,S856,2020-03-01,938,24.94,22,Purchase_Parts,33
S856,855,Supplier_S856,+1-555-433-7393,Germany,,,,Suppliers,81
857,138,PurchasePart_857,S858,2021-09-15,526,46.33,4,Purchase_Parts,11
S858,857,Supplier_S858,+1-555-209-8989,UK,,,,Suppliers,48
859,238,PurchasePart_859,S860,2021-10-29,423,25.67,18,Purchase_Parts,11
S860,859,Supplier_S860,+1-555-999-9205,Germany,,,,Suppliers,38
861,238,PurchasePart_861,S862,2022-03-23,637,34.47,17,Purchase_Parts,42
S862,861,Supplier_S862,+1-555-110-4448,USA,,,,Suppliers,85
863,138,PurchasePart_863,S864,2022-07-21,987,17.89,4,Purchase_Parts,26
S864,863,Supplier_S864,+1-555-973-9565,Germany,,,,Suppliers,81
865,120,PurchasePart_865,S866,2021-02-04,885,13.06,9,Purchase_Parts,52
S866,865,Supplier_S866,+1-555-244-9800,UK,,,,Suppliers,90
867,241,PurchasePart_867,S868,2023-09-22,427,43.73,2,Purchase_Parts,61
S868,867,Supplier_S868,+1-555-718-5072,Germany,,,,Suppliers,84
869,152,PurchasePart_869,S870,2022-12-26,877,20.29,3,Purchase_Parts,40
S870,869,Supplier_S870,+1-555-173-6283,UK,,,,Suppliers,36
871,151,PurchasePart_871,S872,2023-02-19,447,45.66,28,Purchase_Parts,27
S872,871,Supplier_S872,+1-555-736-4490,Germany,,,,Suppliers,50
873,276,PurchasePart_873,S874,2020-05-25,348,16.04,22,Purchase_Parts,70
S874,873,Supplier_S874,+1-555-687-5103,Japan,,,,Suppliers,45
875,142,PurchasePart_875,S876,2022-02-21,464,47.96,27,Purchase_Parts,73
S876,875,Supplier_S876,+1-555-934-2750,China,,,,Suppliers,77
877,104,PurchasePart_877,S878,2021-04-24,430,27.36,21,Purchase_Parts,72
S878,877,Supplier_S878,+1-555-415-2464,Germany,,,,Suppliers,58
879,276,PurchasePart_879,S880,2023-07-15,845,30.86,16,Purchase_Parts,26
S880,879,Supplier_S880,+1-555-433-4214,USA,,,,Suppliers,15
881,276,PurchasePart_881,S882,2020-04-24,157,8.41,26,Purchase_Parts,72
S882,881,Supplier_S882,+1-555-264-5009,Japan,,,,Suppliers,44
883,120,PurchasePart_883,S884,2022-01-29,391,32.54,15,Purchase_Parts,45
S884,883,Supplier_S884,+1-555-892-6242,China,,,,Suppliers,26
885,183,PurchasePart_885,S886,2022-02-12,594,38.93,14,Purchase_Parts,81
S886,885,Supplier_S886,+1-555-272-5231,Germany,,,,Suppliers,21
887,115,PurchasePart_887,S888,2022-01-10,101,17.27,9,Purchase_Parts,61
S888,887,Supplier_S888,+1-555-788-4673,Japan,,,,Suppliers,26
889,151,PurchasePart_889,S890,2022-01-14,670,27.99,4,Purchase_Parts,10
S890,889,Supplier_S890,+1-555-271-2324,Japan,,,,Suppliers,45
891,127,PurchasePart_891,S892,2020-03-25,931,14.95,15,Purchase_Parts,68
S892,891,Supplier_S892,+1-555-222-6691,Japan,,,,Suppliers,59
893,153,PurchasePart_893,S894,2020-08-21,506,30.04,4,Purchase_Parts,79
S894,893,Supplier_S894,+1-555-376-9510,Germany,,,,Suppliers,47
895,104,PurchasePart_895,S896,2022-09-15,919,39.96,5,Purchase_Parts,12
S896,895,Supplier_S896,+1-555-665-8172,USA,,,,Suppliers,65
897,142,PurchasePart_897,S898,2022-08-20,692,48.35,21,Purchase_Parts,70
S898,897,Supplier_S898,+1-555-974-6617,USA,,,,Suppliers,98
899,142,PurchasePart_899,S900,2020-08-07,228,28.67,19,Purchase_Parts,11
S900,899,Supplier_S900,+1-555-302-3633,UK,,,,Suppliers,63
901,238,PurchasePart_901,S902,2020-06-27,852,46.27,11,Purchase_Parts,30
S902,901,Supplier_S902,+1-555-734-2949,UK,,,,Suppliers,81
903,349,PurchasePart_903,S904,2021-07-26,375,7.89,19,Purchase_Parts,42
S904,903,Supplier_S904,+1-555-384-2206,Germany,,,,Suppliers,63
905,127,PurchasePart_905,S906,2023-11-12,493,13.92,10,Purchase_Parts,26
S906,905,Supplier_S906,+1-555-662-8017,USA,,,,Suppliers,87
907,104,PurchasePart_907,S908,2021-07-04,636,45.38,17,Purchase_Parts,12
S908,907,Supplier_S908,+1-555-668-3920,China,,,,Suppliers,37
909,403,PurchasePart_909,S910,2020-11-20,143,31.98,15,Purchase_Parts,32
S910,909,Supplier_S910,+1-555-136-9240,China,,,,Suppliers,75
911,352,PurchasePart_911,S912,2023-07-13,356,27.06,6,Purchase_Parts,93
S912,911,Supplier_S912,+1-555-755-8858,Japan,,,,Suppliers,68
913,138,PurchasePart_913,S914,2020-12-11,551,11.77,8,Purchase_Parts,92
S914,913,Supplier_S914,+1-555-293-1659,UK,,,,Suppliers,69
915,403,PurchasePart_915,S916,2023-05-18,806,31.55,5,Purchase_Parts,71
S916,915,Supplier_S916,+1-555-272-8228,UK,,,,Suppliers,30
917,152,PurchasePart_917,S918,2021-01-23,811,40.8,13,Purchase_Parts,92
S918,917,Supplier_S918,+1-555-149-3565,China,,,,Suppliers,29
919,403,PurchasePart_919,S920,2022-09-12,624,49.55,29,Purchase_Parts,92
S920,919,Supplier_S920,+1-555-560-9161,Japan,,,,Suppliers,75
921,346,PurchasePart_921,S922,2021-05-24,448,16.68,23,Purchase_Parts,52
S922,921,Supplier_S922,+1-555-252-1820,China,,,,Suppliers,56
923,152,PurchasePart_923,S924,2020-03-28,701,25.67,7,Purchase_Parts,20
S924,923,Supplier_S924,+1-555-558-9093,Japan,,,,Suppliers,65
925,152,PurchasePart_925,S926,2021-04-01,346,21.19,17,Purchase_Parts,51
S926,925,Supplier_S926,+1-555-765-7867,Germany,,,,Suppliers,85
927,176,PurchasePart_927,S928,2021-04-03,450,35.38,25,Purchase_Parts,52
S928,927,Supplier_S928,+1-555-871-5361,USA,,,,Suppliers,29
929,153,PurchasePart_929,S930,2020-08-10,825,23.69,22,Purchase_Parts,75
S930,929,Supplier_S930,+1-555-730-6691,UK,,,,Suppliers,82
931,349,PurchasePart_931,S932,2022-09-24,744,26.21,8,Purchase_Parts,58
S932,931,Supplier_S932,+1-555-295-6252,China,,,,Suppliers,33
933,276,PurchasePart_933,S934,2023-01-30,810,34.61,21,Purchase_Parts,67
S934,933,Supplier_S934,+1-555-975-9615,Japan,,,,Suppliers,25
935,142,PurchasePart_935,S936,2023-10-07,784,36.66,16,Purchase_Parts,62
S936,935,Supplier_S936,+1-555-293-7436,China,,,,Suppliers,50
937,151,PurchasePart_937,S938,2021-09-02,412,23.61,9,Purchase_Parts,42
S938,937,Supplier_S938,+1-555-447-1744,China,,,,Suppliers,43
939,141,PurchasePart_939,S940,2023-06-11,258,32.97,25,Purchase_Parts,79
S940,939,Supplier_S940,+1-555-787-9552,Germany,,,,Suppliers,85
941,241,PurchasePart_941,S942,2022-02-28,611,34.31,26,Purchase_Parts,22
S942,941,Supplier_S942,+1-555-434-4621,China,,,,Suppliers,28
943,152,PurchasePart_943,S944,2022-02-13,842,35.2,22,Purchase_Parts,60
S944,943,Supplier_S944,+1-555-186-3707,UK,,,,Suppliers,25
945,142,PurchasePart_945,S946,2021-10-21,433,29.96,11,Purchase_Parts,66
S946,945,Supplier_S946,+1-555-354-9509,Japan,,,,Suppliers,99
947,404,PurchasePart_947,S948,2021-06-03,314,13.44,7,Purchase_Parts,24
S948,947,Supplier_S948,+1-555-585-3777,Germany,,,,Suppliers,45
949,151,PurchasePart_949,S950,2023-09-05,292,36.38,21,Purchase_Parts,70
S950,949,Supplier_S950,+1-555-212-2237,Germany,,,,Suppliers,63
951,346,PurchasePart_951,S952,2021-05-10,146,18.4,16,Purchase_Parts,28
S952,951,Supplier_S952,+1-555-426-9860,UK,,,,Suppliers,92
953,176,PurchasePart_953,S954,2020-07-26,558,46.58,20,Purchase_Parts,94
S954,953,Supplier_S954,+1-555-783-1607,UK,,,,Suppliers,45
955,346,PurchasePart_955,S956,2023-05-11,493,29.43,26,Purchase_Parts,89
S956,955,Supplier_S956,+1-555-461-5655,Germany,,,,Suppliers,59
957,127,PurchasePart_957,S958,2020-08-16,207,11.45,27,Purchase_Parts,71
S958,957,Supplier_S958,+1-555-458-5749,Germany,,,,Suppliers,42
959,349,PurchasePart_959,S960,2020-05-26,901,35.23,21,Purchase_Parts,98
S960,959,Supplier_S960,+1-555-217-6437,Germany,,,,Suppliers,29
961,183,PurchasePart_961,S962,2023-08-26,466,7.38,23,Purchase_Parts,53
S962,961,Supplier_S962,+1-555-335-7661,Japan,,,,Suppliers,95
963,183,PurchasePart_963,S964,2023-02-22,659,11.79,9,Purchase_Parts,55
S964,963,Supplier_S964,+1-555-798-4991,China,,,,Suppliers,24
965,141,PurchasePart_965,S966,2023-02-17,123,27.09,20,Purchase_Parts,69
S966,965,Supplier_S966,+1-555-768-9126,Japan,,,,Suppliers,81
967,241,PurchasePart_967,S968,2021-12-08,508,42.43,22,Purchase_Parts,52
S968,967,Supplier_S968,+1-555-364-2372,Germany,,,,Suppliers,62
969,176,PurchasePart_969,S970,2021-01-28,672,6.83,30,Purchase_Parts,49
S970,969,Supplier_S970,+1-555-487-1035,UK,,,,Suppliers,55
971,141,PurchasePart_971,S972,2020-10-04,380,7.19,26,Purchase_Parts,95
S972,971,Supplier_S972,+1-555-748-6034,UK,,,,Suppliers,21
973,115,PurchasePart_973,S974,2022-12-28,184,28.03,12,Purchase_Parts,58
S974,973,Supplier_S974,+1-555-972-5744,China,,,,Suppliers,58
975,153,PurchasePart_975,S976,2020-09-06,996,31.02,20,Purchase_Parts,61
S976,975,Supplier_S976,+1-555-796-5737,China,,,,Suppliers,16
977,127,PurchasePart_977,S978,2020-05-02,574,31.89,25,Purchase_Parts,15
S978,977,Supplier_S978,+1-555-699-1607,Germany,,,,Suppliers,85
979,403,PurchasePart_979,S980,2023-11-12,513,16.74,26,Purchase_Parts,68
S980,979,Supplier_S980,+1-555-579-6385,USA,,,,Suppliers,31
981,115,PurchasePart_981,S982,2021-01-13,700,8.49,3,Purchase_Parts,36
S982,981,Supplier_S982,+1-555-164-3800,China,,,,Suppliers,13
983,183,PurchasePart_983,S984,2021-09-26,910,39.0,3,Purchase_Parts,80
S984,983,Supplier_S984,+1-555-460-9573,China,,,,Suppliers,63
985,120,PurchasePart_985,S986,2021-05-30,815,7.37,1,Purchase_Parts,34
S986,985,Supplier_S986,+1-555-418-7526,USA,,,,Suppliers,93
987,141,PurchasePart_987,S988,2020-10-24,335,31.35,27,Purchase_Parts,98
S988,987,Supplier_S988,+1-555-349-5766,China,,,,Suppliers,69
989,138,PurchasePart_989,S990,2021-08-27,688,33.26,19,Purchase_Parts,85
S990,989,Supplier_S990,+1-555-352-3971,USA,,,,Suppliers,84
991,352,PurchasePart_991,S992,2020-12-19,279,25.52,20,Purchase_Parts,50
S992,991,Supplier_S992,+1-555-239-8192,USA,,,,Suppliers,66
993,183,PurchasePart_993,S994,2021-11-26,858,33.53,3,Purchase_Parts,96
S994,993,Supplier_S994,+1-555-624-6702,Japan,,,,Suppliers,18
995,349,PurchasePart_995,S996,2022-08-26,115,21.03,7,Purchase_Parts,55
S996,995,Supplier_S996,+1-555-528-1977,Germany,,,,Suppliers,48
997,241,PurchasePart_997,S998,2023-07-07,132,24.84,6,Purchase_Parts,41
S998,997,Supplier_S998,+1-555-499-4592,USA,,,,Suppliers,43
999,120,PurchasePart_999,S1000,2022-02-10,717,5.2,3,Purchase_Parts,24
S1000,999,Supplier_S1000,+1-555-441-1043,Germany,,,,Suppliers,21
